username,count
joseleee10,200
Ofarero,200
Paqui_D,479
fresserf1789,200
AsturianoDani,198
EnanoGabardina,232
alberct89,200
JaEsLu2001,200
elenamarialt,200
de_bolson,199
Blancafsp,720
RamoRo4,200
pamplinas371,199
Despetechno,200
BGP212321,201
Angelit64028730,200
EduardoPisos,200
LauraLauraanyc6,200
Toms16308067,170
marypilybaro,200
kktuen,200
CarmenF67872724,60
v_vvvpp,200
SinPerdn4,200
mdeluque,171
ArmGonGal,193
Nico_Piza,200
Lobo61457114,200
apayno4,200
bakespain,200
otilious,204
jcmartingarcia,198
AtalantaFuriosa,200
osemiguel,200
galdon_gabriela,200
Kikmalone,198
kiryucharro,92
78Jaimepol,200
vicberanaya,401
sebasti55442171,199
guillermiMac,200
spainvikingo,200
LetiMartinc,200
PakosalP,200
CavaJuana,323
GerardoDiazPer2,200
Juanito_Perlas,199
exc_sergio,200
marcosvd__,201
MonalisaMadrid,200
Adera87876205,200
abelenda5,394
doralfaro,200
pedroestadista,198
Pedrito46383086,400
espana_jos,200
AimarMillan,200
angelluiscoll,199
ElAbueloViajero,201
Adk769,197
rafaelalloza,198
TUDYMG23,199
XikuM62,218
IkiduAuren,301
MeigaSr,200
Motor1830,198
MBUBeatriz,199
lothringe,200
lumpiXones,199
AntonioUriz,605
LaCiudadExtrema,200
lobezuno,194
acanalsm,199
futurof20,200
palletervcf,200
graciab27,200
mandarinaemma,182
deporforever,203
santicbo,197
araleyas,200
Lp155pv,200
sen_sa_to,200
Miguel67783097,199
fgg1306,200
MartiaFG,200
EddieGuscifer,200
AmbiConstructiv,195
CabreoEspanyol,401
kiruva4,196
mallallo1,200
madame1911,399
antoniobetico9,200
NACHOTECNOLOGIA,200
arelisarelis,200
oscargb21,199
MMariangonzalez,601
mserranoduenas,199
albertt75,200
CAUSIOSCAR,195
ahsusin,200
BJ_SEVILLANO,195
IsabelDeCastil7,194
LtChronos,197
TeEscucho11,118
michelangeli22,199
jmarevalo_1812,200
edsanin,199
Frajagolo8185,199
jakelloco,200
Tortolerof,199
bonginos,199
herr_rodriguezm,200
ElLiberal01,200
emeLuisaCC,198
darthingqueen,186
pradavega4,200
VOXvalenciaciud,200
Gurrumbo4,199
vcala1971,200
_alonsopedro,200
SergioGomezhead,201
mimg_1,94
capadociados,199
SetaDeArmario,200
julur67,199
rubenrr254,400
1979Nati,200
Grannnate,200
elpunkdemon,411
JoseMFdez7,562
Bolita05195890,199
gloriosofanatic,198
javicastillob,200
voxwoman,200
MariaTOliva2,200
juntaenfurecida,200
PakoTNT,199
fluisdelavega,193
toripollo2014,200
Acutrod1,200
beatrizgf41,200
TSemillas,199
laj_victoriano,200
kierokuero,202
joseduarteabog1,199
Jor_G_P,200
ToniEnBerlin,200
AndreaG49876869,184
paralomio,200
123Dmaritza,199
abrilenparis,599
monge1985,175
Mariano55251379,200
rafalicogonpre,200
MGRiverito,200
claraval_de,200
GNR90,197
patalique,199
FernandoCapeans,200
Luis7906884394,200
carmen57262365,201
isrori64,199
romerafj,199
myfunnydrone,200
jose_sanchez911,200
Herrerita1926,197
maherro2,200
monique_eme,200
Trix69Luisma,200
8Reichel,200
Elenaescur,201
vicentee47,200
JoseA_Grande,197
fmdeeg,379
ElviraQuintero2,200
Carse_VOX,429
matinieto_,200
gracekellybis,199
OrgullosoSer,199
rasanzapa,197
carlos_gonsan,195
cdeargoli,200
Pkt64,199
yoLibrePensador,200
AnaLeyre1,200
maran58,400
Antonio93438867,200
pendergaster,200
maportal43,200
CarolinaAlarcn6,200
Nekanfruit,197
mesnadas,198
rorsalamanca,199
PabloArillo,200
Secretario1968,199
elefantagris,200
Politica_Again,200
Nicomaco7,200
pecataminutapc1,197
LaAlegriaDeLaH4,199
PuenteUribarri,201
_pablitovaldes,399
Joaquin62255816,196
Anazu47029677,228
Tomaqueta1970,252
FuzeLogik,200
webero,199
SantiKen1,200
RoxySara2,199
muylistillo,197
jreigv,199
AAntiespanoles,198
ramon1953uc,198
xikiwallace,199
unpolonegativo,197
Asesinooriamend,567
LolitaLobby,596
MiaTatta,198
xluisx20,265
Notemenfades,199
bruabu,400
MetorioMe,200
anadecid,200
CristinaSpartak,200
neta2772,200
FerSanchis,198
Levante78,200
Jorgepical82,199
PickChilindrin,400
acuervomont,200
luichi_vk,198
MaraIsabelCres1,200
merkur1989,396
79kela,200
Franjota,200
loms1961,202
tessa2404,199
nelarolan,199
Emiliamarti,426
FernandoGonGon,198
SaenzVarona,200
jesus32128216,200
dle9,199
ianuacoeli,411
basquinton,162
casosiguiente,200
CarraleroF,200
MartaSalvo,194
hauser_cohaagen,200
UnidesPodemes,198
Sagradb4943,201
Jilocandio,198
knomm2013,395
RUBENORTEGA1972,200
Maw3lM,86
rebeoc,200
CarDiRu,200
pais_gran,222
JWLopezC,200
DGF1986,200
JosFern28770385,399
Ranulfo2003,200
MADOLORESRIA,200
sertorio122,394
Artia_,198
MinistroSinKart,74
BoronatRafael,200
camilojgp,200
Marte_Ven1,400
piscisald,200
Cristin06209960,200
Juanbarbagris,401
jhonsantigs,198
emy17051571,200
OtisTardaToledo,200
john_galt80,405
ProfSTornasol,198
bgl79,148
misstica3,200
CarmenA96185041,200
cubansmile,200
Lui57008929,200
movimiento_vox,200
PdlMarin,199
fda2000,198
ngelManuelDazG1,200
CELTICO1962,200
jsanarros,195
jomolgal,198
el_antepalco,200
david2108_,199
PepePexana,200
killZMCfly,209
VMaltrato,200
fran_olascoaga,200
josemake_up,200
marymuozma,200
JoseMar81755795,200
Nual62036126,201
SilenciosoVox,200
BlackfriarBLN,201
ElGuerreroDel17,200
pelomugre,200
Ronin7712,200
FranKrostiraor,201
vicenterosa,200
Paelarrastre,200
_GGonzalez_,200
javimont5,198
Fran86954978,200
Arreyak1,198
marilomj,200
Romanillos76,199
Studiositas,200
Enrique47239755,199
iarceg,200
mrm1974,199
capela67723772,197
byherency,199
restebanzamora,200
Jartitameteneis,196
tratantista,200
SraZius,419
SamueldelPozoS,201
suso_gonzalez,201
Hijodeputin4,200
tuitman2019,199
Toni_M_V,200
forvigo,198
susanaf_arias,200
BiejetitaP,89
1qaz10841651,202
KikeNunez83,198
carterpillar82,400
oscarg992,199
QuantumTriarius,199
Francis51401363,201
jjgon222,199
Ninhyl,203
cytoces,197
Ravochiva22,200
pilarmm12,200
juancarlosiguez,200
afrvet,199
AGisbertArnal,200
AgoizS,197
jgarridogomez,200
Juancarfg,199
Leomon81746568,199
Aeon_Dan,199
Angela10691281,201
calvoiglesias1,200
Tintibaleros1,14
DameronFighter,199
CriistinAR2,199
pericochkon,200
calamity106,199
jyr2711,200
CMB39828989,199
funciona24,400
jomachiv,200
sanchominanoj,200
FcoPachasSerran,200
imorgon14,200
CobraVerde5,399
JAVIER27264974,208
RapualP,197
comoleotwitteo,200
manu_atm4,200
Big44Mr,200
beltran_cyl,200
chachacha578,200
egoruderico1,200
Edpa_77,201
Lauu_gallardo,196
Acontra015,196
Beitts24,200
oliveratom025,200
tarteso73,199
PepMariia,199
IldefonsoArnanz,201
julietcinco,200
PabloGlez__,198
FP56009737,200
Lolycm19772,200
CebrianPicazos,200
motzanka,200
yatusabe999,200
NoAlSenado,200
verdexblanco,199
angelgarces15,199
JavierAbascal12,200
deCaceres80,198
marcosmi88,198
Juanmacofren,299
DONPELA65971590,198
Marga06446271,200
marartebb,199
carlosF61920769,396
asturianaharta,199
FRANCES09344413,200
MarioMart843821,196
MariadelaO850,200
abogadopaojeda,200
matitomatito,192
ravetenmaza,200
lagalera2013,199
ramonVT2,200
Saonera,198
Lallana94,200
Worthy_high,119
Pablo80464458,200
pichi66200000,197
elektrablue2,200
AlbiesN,200
Quijornero1,200
Nacho56699681,198
huertaff,200
peiroantonio1,198
NitratodeMetilo,199
Jeremias_Navi,200
Cristin49575949,63
truenoazul37,199
Azote_Guajiro,198
mmoralalvarez,198
ancerverus,199
maryen174,197
VOX_Chamartin,200
pachiandyou,198
Denna12_0,199
dreamerlovermsm,200
pecass78,200
galileahejlt,200
BarbudoLibertad,200
GloriaCS31,200
maria33225764,200
coriulanus,200
raulgar131,199
gonzahdc,198
ChanChave,400
Julio07865245,144
AmeliaDemariaPa,200
elapas,200
MikeruGermany,200
loliguty,200
eguskialde369,400
ElenaSinH5,200
rgraul731,200
iPooopp,200
Jangelfd,200
val_arantza,200
Stop_Proces,199
MobiliarioHogar,197
JusafinaBonport,200
Enriqui58120945,200
vivaespanaaaa,198
Josemi130478,195
PATIVOX1,200
Jose_mmrr,200
aaguila0407,198
belll5000,199
Hallofthemount1,200
laulucher,169
matismgd,200
chelochulvi,199
pedro_hluis,200
timoteohull,184
Whatdoyallmean,200
Reductoliberal,200
izar07,200
veronicae9,199
Vincent18621616,200
Jetteliving,200
togego1,200
carlotafdez65,200
blanca_blanki,200
JulioTofani,199
Edu_M3,198
morenodesilva,200
panmartin58,200
Irbisdelnorte,200
jcastrense,201
emilmartin33,196
Jcriegomajada13,200
LargaVidalBaron,201
higgsflip,397
jaime4747,200
CONTUNDENTEE,200
jjguzmanrz,200
SheldonCooperEP,199
ChinyGamir,199
ricocutty,199
JesusRialto,133
jomarlle,200
VOXdeLezo,200
aisamiracle,200
Zory_58,199
RamonMonteroPr2,199
yolip03,196
dcgsoryu,200
rgviadero,198
FerrerSalva,199
Moriarty_Spain,200
Migueln47682631,200
Prodigo_,200
merendinha1,199
AnaSant94575892,200
caritoslod,196
jesus1ruiz,199
JulianMaciasT,200
azooles,198
ExtremoDerecho7,200
jumonre,197
Wifly55604020,199
Chuano70J,200
NelAddams,200
MuertoFranco,200
Empel16,200
Tooclosetoheave,198
Joserasklk,198
QuiquinRr,400
VeraPatxi,200
lechuzeta,200
shulch3,200
simonda112,198
jasr_murcia,201
MilenialFurioso,585
NeftaliEspinosa,200
Mastermate94,200
alepuertas,195
Lorevi76,197
Pacorrote1,200
callate_nene,200
Peltasta2,200
vurbinaporrero,215
JordidelaFuente,200
rmriestra,200
maaaryrous1,200
4marzo16,200
lucaslodel,200
RhinaMol,200
corcontas,199
Saanhasa,195
violeta_harper,200
Moya2781,200
Mcarmenamat1,199
Jos61752103,406
txerokired,201
ldx77,200
CansadoCamino,200
LauTorr96371829,200
mittarzi,197
sergio__lozano,199
HerminioTorco,65
Josecho4,196
mdolgarpelayo,201
DignaNotatu,200
xentonio,200
Angel59218193,197
itmalla9,358
PedroPardo76,200
nanoscotish,200
harmon780,198
Francis84646901,200
DinaUrraca,199
agustn,200
Mocreste,199
Rubio_malo,200
berenguela_Nav,198
240970fam,197
luismar957,200
prometheus_one_,200
ASainzBScP,316
ljdc68,199
poppi201986,200
PPineros_,199
tesisantitesis,200
agustin43968872,200
GonsalPedro,199
ElNouLliure,200
MathewsSvq,200
cambioYACS,199
Amelaske1,200
EspanaSiemprVox,200
carusteran,197
arrequintando,198
PeregrinTweet,199
LuisMartinLP,201
Mariano_Galleg,200
YashiraRamos5,326
asuar_,200
JMurilloDoll,400
RobertCatesby5,198
PacoCollado4,197
ROSASEGURAM,292
A_velasco__,200
El_Areopagita,189
JulioGD77,200
Flagrum2,197
Jorge77872655,397
fernavillalain,198
duro_box,198
calsacomodas,400
glabgom,200
Lockheed_AC130,200
Quique24457540,200
edgartebar,199
TorreJavi,400
RibesCrespo,65
KELLYKATHERINEC,200
r_rengifo_c,194
gtorcat,200
Amparo35l,200
MRVedder,200
ReginoDuarteM,395
gui09ermo,200
01EGH,200
Serpalitonia,200
Vixtor_Alberto,166
Rosidaguirre,200
Yomismo24825517,199
GaiusMarcus,199
marEgosport,198
Trasobares17,200
Diequi,400
nuherbe,199
amors1976,201
2017Grun,199
LORDACTON66,215
nacorbea,200
Gnter78233755,197
azotandoprogres,400
aorcas,195
espanaolee,200
Mcfelpeyu,197
PuriFernndez1,200
Grupo_Radio,189
PastorRodri,198
escafandrista_k,200
BsBelindabs,200
Camilo06726839,578
BLOGdeJCM,200
ArwenES25,397
Fran_Ovd,198
Teo03431083,194
VMartinezManuel,242
econolibertad,396
l1b3r5l,396
amedinac96,200
ilusoaluso,200
Fl1chy,400
DaniPradas,200
abenzator,200
maleterode,199
Maria995599,200
PericoE17061260,200
pilarpereznogue,242
qumqum7788,200
MiLiUeS,200
Pocahontas0205,289
amarca85,200
Jess67294569,200
webjesusss,200
grausamkrise,198
isiteno54,330
MariajSalgueiro,200
f_casa,199
conchi2j,199
Lifecoach12345,199
silviapinallopi,200
monitora12,200
LiberalDAP,200
LaraLiaLa1,200
richard_ismana,200
lolibejarano,1064
JcLaguna,200
Nyordy1,200
Rakeel951,193
mce_juls,199
anamedinarubia,197
miguelestevezg,200
ZUUKABELEN,198
coolombo1,199
ramoncorujo,201
SandalioPeres,199
MaciasPaky,214
JuanyManuela1,201
MadeforSpexit,132
EquidEmpodera2,501
beyonlisasmith,200
jj_alicante,200
YosoyLibre6,200
luisoGarcia65,241
labieno_tito,400
EduardoG_Vlc,215
muro_,199
Sentido55836108,68
carlosub1,248
justomelones,197
Sarita_ita78,199
joselagaducati,199
Lui151825,329
kanenano,200
jotavino,200
SoniaMaica,200
El_Hombre_Pared,200
JulioTejera,290
misabelserrano,200
oruoru77,199
RafaelCatena,200
Lopevega,199
vivaespana1976,199
azohia63,194
EsLaRadio2,264
Tigrinyan,200
HeyisR,199
Discolo_I,200
davruros,366
gfahmc,200
JoseLuisBuedo,199
Justbluejustice,198
KhintiIa,200
fpreciador,198
FV_Josemari,199
ChusDiazTrapi,200
_kape,200
ymmjga65,200
AngelCuestaArza,199
Jato_Paco,199
MGorettifs,200
MiNuevoY0,353
AlejandroMA76,200
moli_006,198
HispanoAragon,196
mrh0099,197
Skiuu,200
dadobe,196
brromm,200
Ansgar73887568,200
JosJulinCalvo,199
SingleOneTweet,254
Aseperfi,200
EdithG50,200
Merequetengon,200
Ernesto15861141,199
XiscaPmi,200
LaRinonera,197
Yojuanjo70,199
casco_mela,200
sinofendernunca,200
FraninPascual,241
ninareurer7,199
CastulJimez,200
Guiller04838890,76
granzizu,200
Mar42301281,199
alexvimez,200
Diego_PrietoG,200
Feraugil,199
UnaOpinionM4S,205
DVVANIR22,199
currogrcrz,199
faubel,200
peroquepasa,199
lacultalatinipa,200
angelcalimero,200
doval20,198
emilio_valero,399
Jordiammat,200
Jevipa,200
Estafa_dos,198
Joaquin67910350,198
Pucela2019,199
vicente4d,198
evaga1,214
Adalidazul,201
MuyHart0,200
IvanEscorihuela,199
Alberto_charro,200
InblankoT,200
dandysco,200
Roberto20258830,200
ElTrilero1,200
Domicialucida,507
cgargut,200
ajates,200
DanielLpezMart9,200
salmonhispano,204
Asiko851,600
Angela37296266,200
ky2x4,768
nomolesteprogre,200
sonekslytherin,124
AmeliaLpez17,198
sanyro,200
exfarhana,199
_FranGomez,199
anadesdepucela,200
Duerobajo,200
Shanesa6,198
kimikamentepuro,200
emilinAE88,199
MariaLug2,200
MariaDu14146231,198
Ana81226079,199
Moridifusion,200
eme_73,200
Pienso1ro,200
nortabarnes,198
neochiky,197
cdavid152,199
Aaronkiu,199
MagdaDG1,195
rubenaquer,199
Azote_Veraz,199
ElenaLlorenteT,200
pomyruiz,200
edsconcierge,200
FranciscoTarMas,200
gabribabush,200
Jaime41378403,200
antoniorm1990,198
MANUELLemosAlo1,200
RufiTheLagarto,196
Manuel_Checa,200
JuanCarlosPan,194
BuenoManHacer,196
Isabel_1272,199
Naila_Bull,197
Amarafelix1,200
Grave_Julius,200
MartndeTours1,200
TORRE100,197
EspanolaPor,199
yunn_777,199
Isabell53323943,198
OjoAvisor1,200
pedrito1922,202
Martitatellez,199
Dv11336382,196
bfsfitness,200
hezt0r,198
s3ado22,199
Vernica61575984,199
lauraesazul70,200
luis780413,200
rabijacob,199
quenonospudran,398
JacoboFdez1,201
txipiron,200
wax_sex,199
negocios_varios,430
HailEmanuel,196
Malavar4,200
lunaecheverria,199
Jazzmind6,200
DavidMa55984500,200
JC28398659,200
BuzoneoVox,199
juanillorego,200
PalomaCas2,201
mujerensuhogar,199
Nico_Olabarria,200
greenho40282781,199
detectivepikis,397
FranNunesDPr,200
Garsioru,200
montse_cn,199
Marta00500404,192
XXexu65,198
D_MARADONA1502,200
majogarcia247,358
SonyaLietor,176
ciskillos,199
santimagarola,200
MasuncionArroyo,197
JoseDLOR,199
jesus_arsenal,201
ignorantessss,199
LunaTutle,199
David_MartinD,193
kuki1974,401
1_2_3_otra_vez,199
Pecoseta56,221
ZoomerFacha,201
Celestaz211221,198
LeopoldoBrandtM,200
ladycristall,193
ELB_68,200
pandotbn,200
FranFer91826043,199
andres2k42,199
A_Aralzer,200
MarthaPerezM,198
mariajoseboria,200
Fightffreedomm,197
JAOCONCHA,200
willowofwood_1,297
anastasia_1963,199
Liberalx2,198
bullydecombate,200
vejinor,393
_JovenEspanol_,399
omareivaj,199
RafiRomo,397
KwK43_8L,199
carmen170757,199
aarribas3,195
laverdadquejoe,199
carmenarpon,400
Yatedigo212,199
mlourdesaro,200
frzalega,200
jaccarreras,200
manolobarranco,200
lolavibuen,196
Congresofull,71
HitTheRoof_,197
ESTEVEZPACO,200
votanteElgante,200
solysombra_,199
AlamedaSanti,199
jdccarballo,200
mma0307,196
Rufo_ND,398
bandolerasoy,206
elviejotaurino,198
laiz_virginia,200
PinaFerreiro,200
oscarcalahorra,200
PedroJuanJimen6,113
antoniovico6,199
Archeustelecom,199
Arayajosemanuel,200
familyrules100,197
ElEmpecinado5,200
r1150rtbarna,196
Jorgecasot,398
Superagente_68,199
personajillade1,195
delilop57,200
JESUS07786707,200
Encabo67,200
StalingradoFC,200
sotnas01,197
marserranog,200
Mara19591,199
forofilla,196
Dianadeglase,765
CrAstur,200
edurabanedar,198
gtyonn,199
tonichis,198
RuiAlexAlves,199
Ikatari,200
nankurunaisa_pd,200
osdejoga,199
Miguel58762491,199
ElEsconde,200
AAbarca1902,200
charolm3,200
SilexCarlos,200
1niAqui,199
Tati02137221,400
Chris05212435,200
El_Granerer,200
DeAlarcon1,198
Dora_la_Pecaora,200
joseben70906956,127
GrouchoMarcos,200
GomasDani,199
teo9113,200
LuciaGilgado,200
FPB39334895,415
FannyLouSandova,200
rafa_cava,200
JoseMan80039684,200
aratobio,200
ThePPolitician,200
MiguelAnHD,201
pacosl,200
GermanSW501,200
Sara47101004,199
MLuisaBueno1,200
David_Pradas,199
ladybaiser,199
remvigo,201
ALEJANDRORABEL1,199
13mescribano,200
geronimopy,200
NosQuedara,200
FreddieReagan_,200
ClubLangenegger,200
jmlopmar,400
imperti_pertine,200
MafaldaVnzl,198
Northma14262368,397
JaumeBertos,200
marlowphilippe,200
5moscasazules,400
claudiagcbell,687
IRQUIERO,200
CardozoYanire,200
Arena56122671,200
VerumSecuris,199
dasriasbaixas,200
marivasb,200
davidlaborda18,200
jorgepeydro,200
Okthor,195
GrPu00et,200
sumurru,200
jesusmanueldel3,200
DocentePedro,215
HanSolisimo,198
cho_luismo,199
Alfredo35293675,398
JoanRibas15,198
llcg84,197
mellamanbobo,196
MiguelAlonsoZap,200
NNonada,200
SergioG63933602,200
Sandryta_SPQ,200
ANA50812570,201
pascuad,200
patapaponga,199
fheras,208
jaime20116,198
St2Cecilia,431
AntoniGinard,200
madrid88,196
bojetiny,201
josedelodoselo,198
PerfectoAmador,200
Carlosindreams,200
cheis_back,200
malbarran75,200
yhusito,197
CIUDADANOJUAN99,200
LuisLui01067455,200
David57444025,196
Dvaquerm,199
cid_senen,200
125Jok,370
MariaTabarnia,228
Solete70507379,200
yliebana,200
avefrialofrave,199
CasoAislado_Es,200
lakylu,199
ManuelZahera,199
Carol_Raval,198
jaloperbur,199
Venezuelaenpaz,199
nomemanden,200
aurioles,200
besadi88,199
michiki_ta,199
Superfloro,200
Frebox,200
laureano_rey,200
realdiegol,202
DanielHernanz83,198
LegacyMou,200
AntoniaPuertas,198
Quality_invest,399
SeviSegAl,201
MONICA78321384,200
mjgfueyo,200
koklaveouf,200
haqawati,200
ajjp446733,200
isabenisa,193
mateosxtrem1,194
Adalid53,200
qlasmatacalland,200
Hermini73325014,200
LARGGYS,200
muchatontuna,200
rggc1,201
DeEspiar,200
q6938,200
romeruiz63,400
teresanmi42,197
Shekamar,198
RamiroRNJN,199
ElsVox,199
Laresis123,198
mont_covadonga,200
zarameloaaaaaaa,199
AgnosSr,200
RickFitts40,199
CorduraDr,198
JC_topito,199
Uxiamus,200
ElGranChat,174
Nosomosnadie18,199
FedericoQuevedo,200
AngelArroyoSa,199
mcmassia,197
AMariaCS1,176
Edupalacios77,200
marymar_ub,199
vicsemar,198
Oteador970,200
mapiroma77,200
Zanguanismo,198
Antoni297,400
rubendgu,199
tropacipote,198
ronaldojoa7,200
linguaxemusical,199
Milagroshumera,200
lincastillo41,200
floriponty,200
LOCODENISRODMAN,597
Ninalafilosofa1,481
Txikiteros,200
MarangelesVale1,200
Afon300,200
FotografaBoja,200
kukysora,199
martin56365420,200
d_dongui,200
PericoAFuego,196
carmenmantero,200
MartaCsar,200
TMecanic,199
tinocabo58,198
Positivehouses,26
ICaetanoRivero,213
AndresRguezC,196
ManuSan79985083,199
jcostantine59,193
bogart4976,200
stopmentiras88,198
MarcosVazG,200
RequilaK,200
Sarriu,200
William81333482,200
pilarmartinfri1,200
Client_X_,199
EsterlinCooper,218
JuanmaLlana,200
Teresa502667601,199
josemlopez68,200
gsorianom,199
PepKrekel,340
Jsaivaz,199
Cumana30822194,200
MarisaVargas_R,421
elentirvigo,201
legatus_romanus,399
fraba6,197
AAVFUTURO,199
rromerovilches,200
Stultitiaworld,200
elerrebe,197
sevillana_ESP,200
manelok,199
tomasmontarelo,196
caparrones,200
gemadejara1,449
RuedaFau,200
Moyano_carmen58,200
Quercus86954081,201
aurorab933,196
luissuarezherna,199
Angaro12777Pepe,199
mapi86_13,199
BeranHard,200
EnriqueNeuro,200
raulmartinezkai,200
samaniego_inigo,200
gnomepises,200
LkaPerez,200
jlgomezbarthe,197
Nuasis,200
ComunistaMillo1,200
YaraGoitaca,199
gestholtur,199
luisdemalaga64,199
Cobre_hombre,398
silviarodrigu83,200
Lokoomanzgz,200
CeballosRoa,200
2019ocp,200
lolaciudadanos,199
MaD111MaX,200
madquad10,200
LasPalmasoPlomo,196
al__pg,200
CleobuloDL,190
perez_viru,200
PeFarre,200
princesadeloss2,200
acuestateysuda1,199
cmarpolo,198
LoliFalco,551
Esedebege,200
_Porculio,190
luisaherreromo1,200
mrgarrido11,200
Iberos4,199
ArraigadoBankia,200
Mari_Celi23,415
juliarumbos,197
jcdiazlasala,200
JVamosss,200
JumanjiWorld,200
J_Torquemada_4,200
Decot17653190,200
Maijop,200
J_L_BAQ,195
trepapepe,199
BubelaVias,200
FlixSnchezDaz1,399
rapamal,201
AdianaCastao4,381
DJ_Santamaria,201
DonMysterioso,200
luisfestevez,200
TomBuilder14,198
mialias00,199
Cristi_latin,200
7HerranzJavi,197
Javosje,197
almendruqui,199
Javiercanora,200
lu_guco,201
JuanGonzalezV92,198
isamustang73,201
123Nacho321,199
ErnestoLaporta,200
jiglisardo,200
Iberiamagna3,198
AnnaBotargues,200
MeerRocio,200
Miangel01MARGA,257
Grace51160615,416
Espartana45,200
x4mpo,201
Montse2004,200
RecesvintoH,200
IVNSEOANE,334
BLinda57299440,199
thequietfreeman,200
jofefer,200
Joselu997,201
UMesetario,265
PedriHervas,198
Jandro1961,200
SpainWarriorES,200
CaryMoli,200
snuezd,198
DPablone,400
PilarfalanteRM,398
aguantolojusto,349
jtarce78,199
AunaEspan,605
Mancenido_MaR,399
Nemosunt,398
JcVilpe,162
yanotetuiteo,28
ANTUAN_TRECE,199
eltraderTristan,199
dangarcar,200
izpandemicos,200
MHidalgogonz,198
Marcos36644073,284
rafaelsanchez12,200
eemb01,199
LuisEspoy,199
FJBartivas,191
hivjavier,141
Franjihu,200
AGANA58627798,198
DoloresLorente,199
Sermocre82,200
77CDT,197
DDeudero,200
almontanerr,200
DiegoJeiter,199
zeta_carlos,197
__Bernardinho__,200
Campead98030804,26
manuu96sfc,198
Nator47466203,200
paulahassen,197
Begoa70698411,197
duquedeberwick,200
AnaPerezMartin,200
Juancar73037140,200
Ansset82,200
Odiotwitte1,194
alvaroh1408,200
AdrinAT7,200
Karmel1515,200
SantiCaribe,200
silvia_yucca,384
eugenia_elias,200
RafaelRag,200
davidadelantado,200
espanolizador,199
javimaci,200
PrincesaEboli,200
RIVAS_Llanera,395
Alberto_jc,199
terancarrera70,198
los_toca,200
antonioggh1,385
carletes1967,200
porcomodos,200
JoseanDuran45,200
jmsaguillo,200
feria1905,199
Blanca20836568,196
miguelsms72,217
mayca02,200
pablofdezpalma,199
JuanCarlos_097,400
RocioCastro2004,225
FrncscJ06,198
isl4,197
caarjo7,195
independientepl,398
yomismasanchez,198
Minimu96462246,200
JavierDCanalejo,200
josesernal,399
aneshali,401
BernabeJcb,400
BajaCero,199
Cucagosende,200
Itubal,235
JuanVMPatrio,197
ElCid03492033,198
JaviAparicio,200
AliciaRiesco,198
PilarAlonsoDua1,200
ibonpal,200
Sosalma9,147
pedro_guilln,200
sonicroquer,213
Manolo54523450,94
libertae_es,198
f1pills,198
Dartio3,338
MrAlvaroBotia,199
_Prudencio_,200
LibertadLuisba,207
luistizado,402
oscar38143061,195
antroc,200
pedrolopezlu12,189
kangalito80,190
Rocadoman,208
Angel654486421,200
Braganegra1,300
Jored_31422,199
Nirty56,422
UrkoZamo,198
CMastral,195
palanquino63,200
ArzurSpeed81,199
manolovega50,199
miguel17370,199
Txitano,194
emilian16472775,336
EspanolBreton,199
Ralph194468,201
JPergaeda,200
Libersailor,199
ManuelC82414489,199
rougermanico,200
ivanvcf7,196
JcBuzorra,200
gestobra,200
JDepJul,200
EstoSerio,200
knoemi13,191
MaggieMusse,197
emilio283,199
BobbyFi57075392,196
Jutrisu,200
mzn_rafa,199
ANTITOSTONBALL,198
MarCatala73,200
lolita_barros,200
YoConVoxSiempre,198
Angelic18418525,200
Alykindoy,199
Quemasangrero,199
nimrodes53,198
MiguelR44530958,200
MEPosadaG,197
Adriian1407,199
Ggrrrrrr2,200
Barandaand,401
thedrachen,200
cessanca,200
nancy_torbach,200
Toniso1985,199
Roquedano4,196
Mercede04640988,198
CristinaRoderoL,201
DaniMG_C2C,198
chinopelado,200
MIGUELO22091597,401
Titan__Knight,196
VictorEsp99,199
JoseYNKR,200
MarijoGD1,199
BoJe_94,200
1afc1973,357
Alezia11,200
mariacuchibriL,198
juandiegolopez4,200
Liberbot_,200
ChemaMora27,200
Holada9,199
Goro95402106,199
ElAlduin,200
Lui09837599,341
REYPELAYO1,200
Avalons25,197
gararenas,275
ficairo16,200
jesusete454,200
PilarGonzlezL1,449
MikeAdn,200
Ayn_Hayek,200
vakuno81,197
JuanGodoyGimene,199
Azalea_2018,200
PlilarP,200
RolandD87400985,200
katjaspain,198
seventyreaction,200
boabdil69,400
Raky1963,200
adamfcosmith,195
martw59,199
SenorHaakon,200
Teresahoya,200
nuestraespana,199
almembiela,199
gaiskahispano,199
MatesanzNalda,199
Thealcoface,200
muymary,199
AbaloDelgado,431
AlexBarquilla,200
RamonArandaS,200
RodrigoDdeV13,200
mm11671,199
merlufer,200
jvazmag,200
rcd17v,213
Nany92973096,200
ManuelB6110,198
LibPorcupine,198
PilarP64,199
amicalupus,536
Nacho92682430,180
EGalvezPantoja,198
ANTONIO89942043,179
ZacariasUrrutia,399
Ruben_Sardon,200
estherizro,197
Berrio_forever,200
IsabelCatolica2,258
EnriqueCTom,399
construyexitos,299
mimukas,200
barbaraherves11,200
pabcabel,199
jestradamo,200
PILAR202,197
anucaxgv,191
ElDiarioHoy,199
Alpha_Omega72,200
artemichi,201
MariaBB37965379,199
luckymadcentury,197
rlopezvaquero,200
caribbeamsea,219
sauco1958,401
PedroBDonoso,200
ticocarlet,200
pi_katsu,198
angaravallina,200
enmlg1,221
Diegomundial82,199
el_maragato,200
Science4Fitness,200
pepapereza,200
angel_deperfil,199
VBlavero,399
AfonsoGalle,230
DoloresVaquero,200
maikel_sv_,200
potatodevildj,199
Roberisamess,200
Nikiextreme3,200
orbis1990,200
Niclaraniconci1,200
CanariasYUDLP,195
aldena30,200
davizote77,200
jesusbermejo_87,200
soledadlimiru1,199
Julia81695863,200
Martincarlos99,200
MOCEJA,199
Rorroktr,199
capaster19,200
anabalmar,200
mromvi,199
Sundore,256
PepeLotazo_es,398
malpaso007,200
Patrici04388718,200
Manuruizruano,191
dyazm,237
ANTICHEPAS,198
pipopadel,199
Ender95753472,198
MentaBlanca1,199
Yesso58063282,198
luisnostradamus,200
Kirian_esp,200
niko_gtav,198
quercineo_,200
tokseinhonactor,200
danterec,401
ec_bsu,399
manina_munoz,200
SantPaco,199
Juan_Baina,198
danipr77,195
cgloro,200
bbirdd_,201
BorregueroCas,196
JessArroyo2,200
MrRCCV,200
emagaldikumade,200
Ismorrovic,200
pedrocuesta1961,201
Nomenterodenad1,200
RobertoRon8,200
juaniRpelayo,200
Manutwit78,197
Enrique22807795,197
Verso_Suelto,199
Capitan23875159,198
LaPandillaFunny,198
jmazcarate1,200
Parisa10535518,399
moisctc,200
FranciscoOcete,193
grungj,196
AlesisRG,200
LuisMigueltw,269
escol_tame,200
Con2d2defrente,199
anitacao,200
OSCARGARRIDOJIM,200
MAJORO77,200
zoteparo,200
TraderForest,199
APorTokyo20,198
Titoretto,264
EstherGrandal,106
almteblasdelezo,198
JoseF38155544,200
vpasku,200
JuanEmilioVare2,199
josete8877,200
Marte2035,398
JPGarcia69,200
Cristin86577576,197
adrialvarezvila,200
Eduardo08570575,199
ZnK_Meltd0wN,199
pedroerrojo1,199
rausell_rausell,200
arturogaseoso,200
c_nought3,400
artista901,199
BelnSanz4,199
rociocarriongs,200
mass7306,197
carlotaverde,199
movava99,200
Kattybcn,200
Papalo_95,200
Yuugo_32,200
avilecon,200
pope4444,199
Nacho_Rado,199
Guadamajud54,199
sarahYK8,199
aCastany,200
Pp1973pp,200
angelne68353041,197
blopezal,200
aayusogz,200
AntiNWO16,397
Cpr2910,200
Jorge_Asiain,201
Akillolol,199
ALEGRA27655253,200
arnelasjmgf,200
egoJarp,199
AnysOe20,200
Carmen_Glo_Ro,200
josantelo4,199
Barrycs4,159
tonifdzcuenca,200
pepitobarcelona,200
JLRMS,200
JF_Karswith,201
Acaymo59292242,200
BorlandFellows,199
RatiaFrancisco,198
JamesCFaraday1,200
Aquistoy3,200
MARblanca7,200
jruizeus,200
edunano76,200
Pan_Z_D,200
Punishe12214184,200
abrahamdlatorre,266
enfermeropeli,200
yannickgijon,200
patjdp,200
luiyi1976,200
JuanAnt82323602,199
cm_Alfonso,200
Censored_Kaiser,169
RafaMd__,200
jaime_676,194
partiegui,200
GamaGloria,200
Ivansanalba,197
josegguaipoq,200
robertorodrigoj,200
frealengo,396
juan64tm,199
Plinioelnuevo,199
Javierv71362018,200
gov_sp,200
Edualonso1977,200
FelixMontanchez,200
valesespe,200
gonzalotrenor,200
franjaba2,376
PedroGm00435318,199
CuetoMartos,200
twintesis,199
ali7pi,199
Jalosia,198
herrer05,199
Domingo1983,200
roserous_rosa,496
caracely6,200
Integridad2,200
albertoanpe,197
Torkental,198
zruspas1,195
anarmrb,200
Pizzini10,197
blanes_lola,198
Ricardo1963R,200
mipsicoanalisis,211
liis1943,199
MadDogPacoPepe,200
al12383,199
xavier06602966,199
capitanspain145,200
Pinky42051724,200
Erenovabl,201
HelloTabarnia,198
ALFLIMITE,200
llissade25,201
scotchmundi,200
DaviBoy337,198
angalvar,370
Jorge71582826,200
demeyn10,199
santigarob,200
FuertesLazo,198
Ah19711,199
verdadnazareno,200
Rafaelasolar,200
jellylorum5,146
JoseAnt1961,355
mariadelaOz5,200
Tanatorio_Sur,200
y_diestro,200
Fernand34147079,202
msmariaperez,199
corsario_69,200
Jose_Gmz_M,200
JuanantonioFer8,199
r1988x,198
M12Mbaena,200
ligi74644419,201
Resistir18,199
ricf73,199
Rubenmarmar89,197
Malacatradas,398
DavidNA31654810,200
soniplazagmail1,70
EmilioMartnezM2,200
costampla,171
JoseLusNavarro3,200
albertorekena,200
phoenixandtiger,799
Carolin67354920,199
por_piensa,200
Lucifer84799567,199
madridista025,198
JorgeLago76,198
franxgm,198
S4Y3R93,199
RoberRomer,399
soyqvic,200
GranCapitanEL,197
chica_r10,41
JosAnto31360016,199
quierotuvox,200
Torero__,200
kikevlc79,200
pabloromeror,199
MoreJazzLessTax,199
Migueliastu,200
PacoLevante,197
juanmaruiz38,200
fuertecabeza,399
HarticoEstoy,200
saquer59,200
gonzalezabogad1,200
baframa,400
VIGIVI1,200
luismivegab,162
SpainDefense,198
nandinoro,200
Littlepetrus,232
rgemagg,200
srlillo,200
mapupega025,199
bolodosipanter,396
HECTORNG23,195
almarfu1,200
LuisLasala1,200
cmenag44,200
Cutillas__,200
jacotarifa,200
martinrv27,200
OscarOrteg2,600
m6278467,200
MarioNoyaM,196
FiscaliaPublica,199
Vilkasvlc,199
MaruiaSpain,197
Geryco81,198
jmfimedio_j,216
bellacomba,198
KolAlf,581
BetisGreenLant,199
Yankas,199
AnaGilVOX,200
garga999,307
dbf1982,199
SalesVlez,198
Igualista1,200
ValisSivainvi,199
mainghost70,199
Toni_Aguilar440,200
mazurkievic,200
SeorM17,398
albertocr3,199
Imimmmmmmm,200
AngelesRendonM2,199
rfmtnez,400
AxelAsensio,200
FG72373327,201
BedmarLola,198
18dejulio36,201
Stroukeng,200
CarmenMiranda08,273
JOSEL68PO,200
otxotto,200
Frioacero,200
ChitaRdn,200
Zairus31765143,199
osuna20061,198
trefess,200
Carmen92924281,197
lecheriahoy,200
oscrisan,200
anacalleja1961,199
juls10368,399
MaribelRU4,198
Snoopy06149686,200
talosguewos,199
rubio837,198
WDennisSL,399
Begonacortina,201
David_Farran,198
heztor_sh,197
dediles70,200
josespain11,200
mimisma_mente,157
0ct100,200
sorceress81,200
Peter57223758,400
ppandres36,198
fritzpander,200
luisruizbal,200
LOCOCOMIO,200
dtundidor,199
zancudofono1,200
Ilias_a,200
jpardoc2,200
FCG9903,199
Cheste15131750,198
alfferedu,200
maytegilborja,200
ElEnterrador15,200
titoneme,303
rociogrande1,401
OscarVoxSpain,200
lopezamat,200
LolaCebolla,200
jafamami,200
Lliure,200
victorbilbao,200
JUANCAR98056932,200
FerdosLuis,200
Manegold10,197
JGalvez77,201
Eva_Mari_Mari,199
Ponponblu,199
mesol101,200
RobertoGoi1,200
mcgimenezv,200
Deepclectic,200
Jgl19832,200
quincuagesima,119
larlagatuna,398
MaDoVillanueva,200
Lisis_Switch,200
reiniciandome23,200
AliciaCepas,200
CdV_Navarra,200
zeus_leon,200
jesusmurilloooo,200
apereira333,198
RonaldoReagan89,200
AceitunaAtomica,101
fabiola75990868,200
Milton_,199
hiades25,200
Carmen_GarciaFe,200
jugongar,200
Carolin32414252,200
jhos_e,200
mcmpeinado,200
valesia2,201
carmengata77,199
treska33,199
Brunobrunete,187
rodrigp1964,400
sileno4,197
manutordecarras,199
Toni04944764,200
alber2505,200
maraan1943,200
garnat06,200
carkis1,200
FranBlanes,200
EvelynMorell,200
LeolaAtAvalon,200
anakinzoe,200
nohaydios,198
Jack_Sparry,352
Raquel_Mozos,200
KikoSerranoH,199
ablanco32000,199
pauladacu,200
16Treee,339
juancumia,200
egoialonso,200
cortinaaedo,200
Beroca1979,200
JuanMan47864023,200
cristalroto3,200
UrbanejaDani,200
lagranespana,200
javilero85,201
francisjsm,200
checheoriginal,200
magodeltrago,199
eddy338,199
defesz,195
DNALaboratory20,199
hgmtabb,198
JoseLu4321,199
FreeManWalking1,198
nachobito,199
gildelatorre1,200
joachimyana_ana,200
jgpingminas,199
inflaurraga,200
SolVida11,198
RosasConCocos,200
LolaIzquierdoM,200
Hanwubai,200
badmotofinger70,200
MariaCedres,356
CarlosCorraliza,198
Coque05893554,193
Hervas777,200
joselisa17,400
Limmboo1,200
Ay_por_Dios,303
Hacho_q_no,199
BilbaoEspanol,200
lqytd,200
unpocdeperfavor,200
asemeyu,400
Martitapelusi,198
FrancoEscuderC,200
EdurneElizaldeA,200
JordiGGCC,197
jorari71,200
Berta_HR,200
Vicente_Eduarte,257
im19650,200
e_batuque1976,200
lolapastur,200
AntonioBerbel3,200
EduardoPeMo,200
Myriegypt,198
Quino1961,199
errmbnn,198
KarmeleCDR,196
Jfeth9,199
gnsht,200
Yasomos13,200
rafamaroto17,200
OtonRL,200
SH_Alejandro,400
MartinezMamen,200
cj52_manolo,200
Obrador2,200
Chetecilla25,200
angusticlavio,200
_nokeo,200
esejavito,198
emeridomingo,200
ramonpolo8,200
Pacotorremocha,199
Rubentorrejon,200
hispano_85,199
AlamillosPaco,200
Fandebarreiros2,199
m3carreras,200
marcabquin,198
JoseMed006023,200
hhhhhoene,396
JCarlosCGarcia1,199
CuelebreA,200
achamartin,198
CarmenDeLunes,200
JuanRD_,184
angelserendib,199
pizpifernandez,197
vega_mev,201
marc_ava,195
Topotolosa,200
cidcabreador3,200
Cristina4589,200
Quijote216,198
lissethromero6,198
rafalopez50,200
Sarasamy03,199
mirkules1979,200
SergioCleries,200
MamelAngel,200
yocagra,200
ameripanola,199
Hall90006,599
Conor_mclaut,200
Sucedaloqsuceda,198
DesdePequenito,200
andresproyecto,194
adnsp86,199
gerqms,199
NightShadowR,200
miedesny,345
CaboPepe92,201
Rosalin63012766,200
HeadShotes,200
Jose78fernandez,200
gabrielmarch,396
charomerlos,200
mariajesus4444,400
mjgarridoa,200
FRANK_FRANCHO,218
valma181,352
josemariablanc3,200
GastonHplus,200
isabelmoreno_mo,200
flufito,201
MarielaLom,198
mastophora1,401
askatusahara,199
jurgenbcn,199
jldominguez60,279
Katoran86,200
LolaMartinSC,202
Gatopardo26,200
TameigaM,200
DebitoChan,198
MaraJos36272792,200
Manudocalin,400
laetiitia87,200
PlutoTrumpPeota,600
SGV1970,200
cotoyyo,201
comasfdez79,199
Lordcrow11,200
pepegdlopez,200
PetarGeek,200
AETHERIAIMPERA1,200
VallinaAna,390
UrreaPilar,198
grupoureta,400
mariadulcep58,199
drovenick3,200
rdelagandarapo1,200
MartaSu50576833,194
macafiesp,200
Pablonazi,199
CalcerradaH,198
Kifkak1,75
estoesunagripe,397
Cucunnedy,197
JoseCarlitos17,200
Shockdx,200
Nuck_Chorrins,198
GUEDAMARTOS,199
PSVICE,201
Califragilist13,200
mjforner29,399
ramonxu70,200
eugenia_sm,201
duendevedde,200
AntonioAcuaGue1,303
ToniJGuzman,395
Adelantadoadel1,200
jacintoR7,200
FFSanta,200
6suinegni,204
AlexanderMalaga,286
LauraSn1106,314
becokite,200
inmagraupla64,200
jovenesxespana,188
NNN73754154,200
Markuslevel,196
libre_radikal,196
orballo11,200
luisromerosa,198
pakistol,200
DiegoCecchini,200
CunqueiroEterno,200
Josep_bondie,199
guachisnay7,212
Emilio_Crespo_S,200
LizGalleseM,199
DignidatCapitan,200
JJCarrillo15,198
desamparadosb,201
JaroMalo,197
CaballaDiablo,201
waine1975,199
cc9d4e5f3cf34f8,200
FcoJavierESP,401
ReynoSinMerma,200
Saltacharcos1,200
optimista_75,200
alvarezsan1,200
barroso_ventura,200
UrunuelaVictor,392
BlasyDora,201
niuntontoms,198
Wardell88,200
ivanchuCOVEN,200
Snip3r31,200
VBPIBI,200
dapasfarrell,200
GadeaLH,199
maccam3000,203
josantns,383
novalequejarse1,200
gonzaledoval,200
blefus,200
adivinaconmedia,200
Ja14642029,200
Closette_,200
IsabelGM1975,200
JozziaM,200
Isabel57476015,353
Davorpikolo,200
robertobuono63,200
softlittleass,199
pepe20161952,201
tony73_,191
lozan_sierra,200
Mariajovc52,199
Palvar79,200
Jossan64,224
rm69mr,201
jesusparente,200
TeresaSanz6910,200
setepower,199
charlycasas75,200
M27flo,197
AndresVidriale1,54
ciento79,601
DiegoBarcenilla,196
ruiz_caravaca,200
febrero194,199
granreserva56,202
ssergi30,401
lagioconda_mora,200
LClaurette,201
SHAMADRID,199
Princese_Six,200
amfmaximus,200
WilhemWallace,200
PErrabundo,200
Jesukrusty,198
isamorc,200
nomadablanco,200
EGonloren,401
valdeleon6,201
70db17cd04734c0,200
mariavj40,199
norejj,202
pacozunigasan,251
AraMarigel,200
2_alternativa,222
retrograma,199
r_bernal109,194
errequerre19,431
AliciaMtnezVOX,200
Overlord_JJJ,200
jbgbecken,104
ajsdep,200
ChemaCorbacho,199
jorivela,200
javifajardo92,199
Lluisdemont,198
S_Beal97,200
Archiduque_carl,198
Borghen,200
pbtgsg,210
bailandounajota,200
inqueriblehulk2,200
AntonioODonne11,200
Guderian19,199
Kvothe07567905,192
NoValdemingomez,198
grinderxss,399
TeVeo3211,200
aireibiza33,198
MemoriaHisteriK,200
carmen72297724,396
Y0landita_7,199
ferfercarpediem,199
sirborj_,199
HerasMada,200
Davidebenjamim,394
miriamvillares,200
charringuapo,200
urbanitasmarcos,200
fasticio,200
demonio_cr7,400
cessbad,200
Angela61752348,200
tomassette,198
El_leon_metro,200
Iaki95378655,200
Llegaremosalas2,196
Amparo76080991,200
iquemada,200
Almon24965596,200
jctorrescobos,200
lolapichardo10,400
_Gordon_Gekko_G,200
pepeconchi,200
comentacollins,199
Casanovac8,598
Matiripe,200
1juampis,200
kalElsoy,198
luthienaragon,199
Piazza_Paya2,199
congrue,197
Edu1399,412
Lack_Of_Critic,196
pandelimustiki,199
volopla,200
Ana14585383,200
Fino585,200
JosePantojaDiaz,199
LaBella_2017,200
RafaelM30163602,398
rookieeveryday1,200
TrencoRosa,198
JuanPer63272388,200
fernanmagan,194
Eazu,199
JosMaraEmbid,201
PTorquemada,200
juanlovic,197
lonspe3,201
papapitufo74,200
maru_tadeo,200
soldado_small,200
JulioAbascal56,599
aToMiC_RoCK,199
JoseCastroRiver,199
bonchontoeltaim,197
Riojalla,200
RRisck,26
nervionhurrican,200
xoxexixon,200
enri_57,298
AuroraPrezPrez1,200
DeYOJOAaITACA,199
leslinilsen80,196
Sol10718167,199
TerciosViejos3,199
fernandosinrumb,200
ladillasarnosa,200
anpayu55,200
Edadepiedrixin,200
JoseAngelGLanda,201
ppruben,200
Cradelio1,198
Hendaya1924,199
Superasturianu,200
Mn_Sa_,345
JordiColl13,199
sopadeletras2,200
mis_sunshine_,200
Lucasm69,200
jorgestevez05,197
RatPenat10,200
odin_freya,255
imolino,200
TeresaRomera,364
inmapuchol55,199
untioliberal,200
SilbatoG,199
kikorron9,401
carlosymurcia,200
DavidGm35808049,200
Fdez70,200
DavidGarsy,199
LLamoneda,199
joseaberto672,200
mgutruiz,400
josejuanbecerro,198
juancacuadrado,199
AlvaroLC89,199
javier_prol,200
yolanda19712009,399
elfrescodeldia,200
octavi43,200
animalover235,200
linocsel,200
pilarleon71,200
olas_de_marte,199
mar_feliciano,200
toros_gyn,201
ElviceSsmissmar,198
mimigrossmann,186
mariace51,199
Campead82722507,200
UnaSentido,85
VamosaverQ,199
MattSagan117,201
pitufaras,200
lospiticos,307
HSolico,200
porqunotecallas,197
Elchulodelavara,199
70Sigurd,200
Conde_Edu,200
emirodest_,200
Verdoso14,201
AFlyingHellfish,200
Jeycarrusel,199
